<?xml version="1.0" encoding="UTF-8"?><?xml-stylesheet type='text/xsl' href='_UpgradeReport_Files/UpgradeReport.xslt'?><UpgradeLog>
<Properties><Property Name="Solution" Value="SOGLFramework">
</Property><Property Name="Solution File" Value="D:\users\wingo\teaching\ObjectOrientedProgramming\assignments\OOP_AssignmentTemplate_NET2010\SOGLFramework.sln">
</Property><Property Name="User Options File" Value="D:\users\wingo\teaching\ObjectOrientedProgramming\assignments\OOP_AssignmentTemplate_NET2010\SOGLFramework.suo">
</Property><Property Name="Date" Value="Saturday, February 27, 2016">
</Property><Property Name="Time" Value="14:28 PM">
</Property></Properties><Event ErrorLevel="0" Project="" Source="SOGLFramework.sln" Description="File successfully backed up as D:\users\wingo\teaching\ObjectOrientedProgramming\assignments\OOP_AssignmentTemplate_NET2010\SOGLFramework.sln.old">
</Event><Event ErrorLevel="0" Project="" Source="SOGLFramework.suo" Description="File successfully backed up as D:\users\wingo\teaching\ObjectOrientedProgramming\assignments\OOP_AssignmentTemplate_NET2010\SOGLFramework.suo.old">
</Event><Event ErrorLevel="0" Project="asm" Source="asm.vcproj" Description="Converting project file 'D:\users\wingo\teaching\ObjectOrientedProgramming\assignments\OOP_AssignmentTemplate_NET2010\asm.vcproj'.">
</Event><Event ErrorLevel="1" Project="asm" Source="asm.vcproj" Description="VCWebServiceProxyGeneratorTool is no longer supported. The tool has been removed from your project settings.">
</Event><Event ErrorLevel="1" Project="asm" Source="asm.vcproj" Description="Attribute 'Detect64BitPortabilityProblems' of 'VCCLCompilerTool' is not supported in this version and has been removed during conversion.">
</Event><Event ErrorLevel="1" Project="asm" Source="asm.vcproj" Description="Attribute 'Detect64BitPortabilityProblems' of 'VCCLCompilerTool' is not supported in this version and has been removed during conversion.">
</Event><Event ErrorLevel="1" Project="asm" Source="asm.vcproj" Description="MSB8012: $(TargetPath) ('D:\users\wingo\teaching\ObjectOrientedProgramming\assignments\OOP_AssignmentTemplate_NET2010\Debug\SimpleOpenGLFramework.exe') does not match the Linker's OutputFile property value '.\bin\Debug\SimpleOpenGLFramework.exe' ('D:\users\wingo\teaching\ObjectOrientedProgramming\assignments\OOP_AssignmentTemplate_NET2010\bin\Debug\SimpleOpenGLFramework.exe') in project configuration 'Debug|Win32'. This may cause your project to build incorrectly. To correct this, please make sure that $(TargetPath) property value matches the value specified in %(Link.OutputFile).">
</Event><Event ErrorLevel="1" Project="asm" Source="asm.vcproj" Description="MSB8012: $(TargetPath) ('D:\users\wingo\teaching\ObjectOrientedProgramming\assignments\OOP_AssignmentTemplate_NET2010\Release\SimpleOpenGLFramework.exe') does not match the Linker's OutputFile property value '.\bin\Release\SimpleOpenGLFramework.exe' ('D:\users\wingo\teaching\ObjectOrientedProgramming\assignments\OOP_AssignmentTemplate_NET2010\bin\Release\SimpleOpenGLFramework.exe') in project configuration 'Release|Win32'. This may cause your project to build incorrectly. To correct this, please make sure that $(TargetPath) property value matches the value specified in %(Link.OutputFile).">
</Event><Event ErrorLevel="0" Project="asm" Source="asm.vcproj" Description="Done converting to new project file 'D:\users\wingo\teaching\ObjectOrientedProgramming\assignments\OOP_AssignmentTemplate_NET2010\asm.vcxproj'.">
</Event><Event ErrorLevel="3" Project="asm" Source="asm.vcproj" Description="Converted">
</Event><Event ErrorLevel="0" Project="" Source="SOGLFramework.sln" Description="Solution converted successfully">
</Event><Event ErrorLevel="3" Project="" Source="SOGLFramework.sln" Description="Converted">
</Event></UpgradeLog>